,Experiment,dt,dV,Frequency
0,0,0.14235009596898004,0.0127734375,7.02
1,1,0.14204658652251623,0.0127734375,7.04
2,2,0.16213236331939698,0.0127734375,6.17
3,3,0.1622357511520386,0.0127734375,6.16
4,4,0.1822402020718189,0.0127734375,5.49
5,5,0.18233621374089667,0.0127734375,5.48
