,Experiment,dt,dV
0,0,0.1418972244629493,0.0127734375
1,1,0.14205742799318755,0.0127734375
2,2,0.16199509143829346,0.0127734375
3,3,0.16208023071289063,0.0127734375
4,4,0.18208884178323947,0.0127734375
5,5,0.18193787716804666,0.0127734375
