,Experiment,dt,dV
0,0,0.18551653861999512,0.012823529411764706
