,Experiment,dt,dV,Frequency
0,0,0.14187101598055857,0.0127734375,7.05
1,1,0.1420778357065641,0.0127734375,7.04
2,2,0.16200940132141115,0.0127734375,6.17
3,3,0.1620923257341572,0.0127734375,6.17
4,4,0.18211357644263734,0.0127734375,5.49
5,5,0.18203364534580962,0.0127734375,5.49
